Field,Precision,Recall,Accuracy
studyLevel,0.875,0.875,0.875
schools,0.859375,0.765625,0.75
departments,0.828125,0.8125,0.8125
ectsMin,0.96875,0.96875,0.96875
ectsMax,1.0,1.0,1.0
topicsOfInterest,0.8973214285714285,0.8909970238095238,0.8625744047619048
topicsToExclude,0.96875,0.96875,0.96875
previousModules,1.0,1.0,1.0
previousModuleIds,1.0,1.0,1.0
languages,1.0,1.0,1.0
aggregated,0.9397321428571429,0.9281622023809526,0.9237574404761905
